A2AP	AACT	ACTC1	AFAM	ANGT	ANT3	APOA1	APOA2	APOA4	APOE	APOL1	APOM	B2M	C1QA	C1S	C2	C4BPA	C6	C8A	C8B	C8G	C9	CADH5	CAH1	CAMP	CD5L	CFD	CFH	CFI	CLU	CP	CRP	CST3	F13A	FA12	FA9	FETUA	FETUB	FN1	GSN	HBA2	IGFBP3	ITIH2	KNG1	LG3BP	MMP7	PEDF	PLG	PLTP	PON1	PON3	PRDX2	PRG4	PROC	PROS	Q5JVE8	REN	SERPINA4	SERPINA5	SERPINC1	SHBG	SPARC	TNC	TTR	VTN
-1.6223609051865289	0.8537410484939048	3.0838296315992264	0.6620206154235164	-1.6522174187438765	-0.7347066760683737	1.6486011733224257	-1.0447247050744422	-0.3040778969513573	-0.7527660447991376	-2.0368960443512623	-0.30474235772092667	-1.6529761931924793	-1.1719861873428399	-0.7537485376308725	-3.2257017617479575	-0.3617298786417906	-0.7028389790708798	-0.3485768472518613	0.5689987635977869	0.29930840384089824	0.3557485848338841	-1.6471118403475222	-1.2753915828595144	-5.174191866698672	-1.925652140193421	1.899400454924941	-0.319556674133618	-0.9815367587191229	0.34307142112492456	-0.9603958425914562	0.3501978520356441	-2.038625338812353	-5.055120266378302	-0.3424654763303362	-3.511736121051544	-2.741006516998127	0.017070128089094482	3.672025934018313	0.6330662015383745	-2.5060158821300207	-1.8331925937730187	0.036040477576944584	-0.3134822874173998	-0.5250879465784335	-5.811907446051539	-0.5774895622394183	0.8325863959049021	-2.1539546969502585	-3.28613001210321	-1.0643160586097653	-1.9337350545672731	-0.26030428774322084	-0.7723131209533198	-0.9286720399524296	-2.1736037943349125	-0.9308213627082838	-1.766511494407783	-2.8915549387149144	-1.3166510478039044	-2.264202687913366	-1.3528525825886597	-1.92349607294923	5.359249319671438	-1.6175719832495359
-1.4070754579984857	0.6417223935958932	0.40153527107209636	1.4182728004806524	-1.1444456932782592	-0.5678405818799821	3.033285709777608	-0.17959320522924058	0.35953766954455973	0.630056640746014	-1.6072358956946764	0.07952900192300238	-1.7538335022258906	-1.2616043063439168	-0.8538158069872274	-3.025282076590042	0.4559990745262499	-0.3093538364697927	-0.16716512485821536	0.5602867932120558	0.371705687386249	-0.12458196661028932	-1.7945929702061598	-2.1217649359693	-3.784747671759037	-1.9954579738049838	2.277537384018308	-0.04898962733352536	-1.1036832232169238	0.946299127689905	-0.8116383187232464	-0.9274692824254162	-1.5705086885899155	-4.784923264771735	0.6285667290485216	-2.5899251200199336	-2.0819140692266673	0.5840139757064439	2.836411083015136	1.0811815314499047	-2.756924178124385	-1.1750994301324524	0.43720865080861243	-0.006094074075690022	1.4657325937605685	-4.873032894982268	0.4296850833000007	1.1670244606092328	-1.2914290649599132	-2.959461060862546	0.4419691396757868	-2.34162678356332	0.36900370514557457	-1.3294848790366829	0.2791374971004863	-0.614752488546333	0.663540384831023	-1.2795303633468011	-2.158800384813226	-0.9746817980587319	-2.609184766180995	-3.028410327222335	-2.0622485062539155	5.810146668463921	-0.8456598368875053
-1.8622666756945363	0.49612426614693034	-2.7371254503385285	0.45937604306442453	-0.9595711531863992	-0.8260329078086726	1.8620790268162222	-0.6114083665096951	0.7380319461856907	0.21594532255120033	-2.158587654356456	-0.04718433402099668	0.14098808683223446	-1.3671790164150097	-1.0675427727888134	-3.2983317354884836	-0.2093172752784489	-0.7483521099410679	-0.6856977937017152	-0.059600265091170265	0.14618145701079868	0.11366897650221183	-1.9361135230439879	-1.169530479940506	-4.485575819759028	-0.7392713997025402	3.504983695714503	-0.49807962635344194	-1.4749185968288405	0.5577146325595005	-1.6010318259647265	-0.7972256642026455	-0.7521112581470986	-4.853030651363149	-0.10975283649033289	-3.845673507605727	-2.81153019902308	0.2988319268014001	1.7642684330079639	0.9575750427894794	-2.488207066526066	-0.7766971779271447	0.1473949054049653	0.07706895332088781	0.6672988316862991	-5.867635281169228	0.36321335808261984	0.506750517450291	-1.70685218969146	-2.4005009463240627	-0.4105061698022382	-2.153743071105364	-0.3635551620446961	-0.685897192148563	-0.8790312413234551	-1.835095990867769	-3.388709067733772	-1.404000317915948	-2.7237540225765606	-1.2821795700179475	-2.650272346064167	-4.075145355889014	-2.906998496585182	6.1890082510094535	-1.9579456027134878
-1.688218233664458	0.17936005881111336	-1.8084702159449086	0.5047283784142043	-1.8078611856347166	-0.7730565043144583	2.2889278616573168	-1.1771629139181476	-0.820797343730445	-0.6395628804604649	-2.204790481310007	0.23862822275982254	-2.5485401051174494	-1.7436487620051098	-0.841907407590019	-3.378429758045254	-0.48600898086447125	-0.5236253508614491	-0.5983936834447416	0.45814266247470925	-0.2485850237215919	0.28446134535695455	-2.3305428794135	-1.8952933873282534	-4.188185903927776	-1.7779867284690314	0.9759812321362322	-0.3538397972843305	-1.571356589753916	0.286885424565289	-1.0269787444979523	-1.8283984328695462	-2.406003584772218	-4.715862950541595	0.33789121995154187	-2.735026148911199	-2.8986885633372146	-0.0035544591514497367	1.8385056590330462	0.3220578615337603	-1.9450595440176437	-0.3364284264051159	0.28869674731685796	-0.7356844713578407	-1.6499557921752408	-5.59603334898663	-0.7276241766554865	0.3964913630159371	-2.603055805840287	-2.806744966526846	-0.21340800953361738	-1.8873868097215838	-0.6714925427393756	-0.7121961963602725	-0.5033054812747769	-1.1257439898844093	0.12472790030732096	-1.322443311463522	-3.138674664391841	-1.509281174751073	-1.8592537680123817	-5.668010363111245	-2.238958974455822	5.15722574625213	-1.8271330275721627
-1.5096137560599412	0.004538698131476952	-1.7344336635510231	-0.019048928117178256	-2.1576364590286716	-1.1701515216289948	1.6100019722984653	-1.348335197202121	-2.1948654549506186	0.6681213862985657	-1.7999749330334625	-0.1473858913072324	-2.5753187292126114	-2.1568816533331687	-1.0484621736693502	-3.5721633791932272	-0.20411053409939994	-0.6227844660065657	-0.3176911586013035	0.30634187636119	0.41755702044002707	0.2028707011409523	-2.465630689531218	-1.298264331134881	-3.5421808260116823	-0.9525506462173724	0.9021170966578685	-0.5046387978392661	-1.8283792618235137	0.3464424705497875	-0.5051234190530208	1.4490185147252932	-3.3502857204478396	-6.518912228058168	0.07775504626308469	-3.0632003986346983	-2.649973853342345	-1.234174316608147	1.2424504233713263	0.10321367189821723	-1.4339876482663838	-0.8825396091887685	-0.28524107672647	-1.1038307543355486	1.025390495103032	-5.763209658299118	-1.6092150310613778	0.7443251123552408	-2.5277943280682083	-2.947419343576794	-0.7206334749293379	-1.6013102885665607	-0.06469727525253675	-1.3800387373092862	-0.4438747095223866	-1.0435211448855277	-1.2901459627105807	-1.1927030634247402	-4.169850321189898	-1.6243671231827603	-3.1856431572594492	-4.783664722786183	-2.988966089796749	4.3686872128221506	-1.7884735639756244
-1.5356872246404716	0.4799581055047532	-1.5552104415700576	0.5211019444888707	-1.2823112081297314	-0.52310450234866	2.5952261489099064	-0.4529689897990507	-1.450346301467102	-0.1355960448155462	-2.7233804608841576	-0.1252116947422641	-2.8416900044415976	-1.3279272329913312	-0.9327589002464024	-3.3740730355294506	-0.29074956237801325	-1.4902995987439853	-0.3624722216838552	0.708611920151747	0.02491176054861214	-0.027594240471447234	-2.2667306473962583	-2.0602869309707366	-3.9881169283638593	-0.7340194344102573	0.5774274082757785	-0.6062401813245379	-1.3568313241377088	0.297765687795167	-0.7194600840283991	-1.5360337172360838	-2.8176160960254366	-4.7050029723524345	0.218097637484916	-3.167988054856482	-2.764545643678477	0.9382361410423715	2.5415883685663654	0.4431709186607386	-2.9333855827858097	-0.6058828528535749	0.057205122755512386	-0.7376646109262709	-0.25536449510808334	-5.5772671169520205	-1.2927061647914533	0.6466118306826671	-2.2738847272649805	-2.301699611990895	-0.006861627901017233	-2.4684322293387337	-0.3843940206896581	-1.135835344960507	-0.6865375585892791	-1.4333364537248352	-0.4838774960518055	-1.2943473908207568	-3.166670313359664	-1.1102611547370296	-1.4181777894777592	-4.855340516919714	-2.5390148313237306	5.315027825940618	-1.8565116816401068
-1.5656804668407454	-0.3941347364626615	-2.3342785437244946	1.137655534814487	-1.3927127070039418	-0.7128956011643774	1.8971826704412516	-0.5275128829152418	-0.47166020004293363	-0.41127294264092173	-2.3128189674993713	-0.5281390826601516	-2.6514992497666805	-1.4828741695195369	-0.9049470124209866	-3.3189390522833877	-0.3241207837419144	-1.2786181177006666	-0.31215040883598794	0.44007407064640464	0.44544789749214775	-0.4068432893219984	-2.161026473758719	-1.2499582410711052	-4.767589426044038	-0.27004059777813993	0.3175960507736169	-0.1452217296449286	-1.2837586507740073	0.30639446592794783	-0.8794924852589111	-2.4840316234988067	-3.1115719520618597	-4.894132167114873	0.5871478442563525	-2.710554958735006	-1.9728533590309445	0.7677455667209799	2.3968244938328365	0.358656231171947	-1.8131790227015387	-1.4332218451317627	0.37127508756942457	-0.3274914459545832	2.067054993287207	-5.077164773452288	-0.5700173731427358	0.29098682272502996	-2.0601191361141886	-3.0080854195514113	-0.9963998456331669	-1.6639217280587644	-0.24091736860818483	-1.06328844447238	-0.47776348926062506	-1.1320365920954236	0.2748679961470619	-1.1932672593911222	-2.8368737419954146	-1.0998126625902758	-1.946596858143347	-5.413898641559892	-2.347184992839689	5.327470435817216	-0.9184500098027292
-1.713532369445611	0.10165872404818115	-1.3082982106019714	1.2086896784910925	-1.6548133102708116	-0.8968149103420529	1.9388253049868727	-0.7340042400749403	-0.25880901196430445	-0.5402832099321274	-2.0615560796629215	-0.42884246069127424	-2.6407077758714133	-1.6097095588155916	-1.0623822781100296	-3.2148570227994155	-0.03711307581821174	-0.8796877327500814	-0.2888078427151543	0.34896775814960235	0.37821989731072153	-0.4865937536076522	-1.666254591477092	-1.8029321512999625	-4.078358206916324	-1.0479910829505583	1.4595997369173934	-0.44387764772241456	-1.475719866698463	0.36878720906544715	-0.9472970669308761	-2.9434409892472218	-2.4980565106829644	-4.996639372305198	0.3600005974256162	-2.638055346432439	-2.520317663235316	0.31334929520431287	2.0384212319670887	1.380450212562409	-1.7228214974010316	-0.5192438664626972	0.07349066694032524	-0.3164755896828231	-0.14216377746219258	-5.732332647424056	-0.5449142162042678	0.6158281661525906	-1.5298963352227075	-3.2749327162842357	-1.38470011531063	-1.4993923018271809	-0.5918045083466374	-1.4467897019732072	-0.28741048794829666	-1.0789470857649228	0.04456908513814328	-1.2302165776817129	-2.5437783282266553	-1.5895468936964838	-2.5722702790787837	-5.781689383125821	-1.9966226597748944	5.571896392885607	-1.0260160880965943
-2.1415093351570356	-0.6272327410429237	-2.634453022440455	-0.13358797749357101	-2.431886777916228	-1.618960594990059	1.2055829397948612	-1.1520888841203807	-0.8720697455576085	-0.7439568287917793	-3.6662839520674693	-0.9035383952521604	-2.1507193091080676	-2.252047873719016	-1.3538202342498176	-4.032467481787462	-0.4473648885930961	-1.2023831653534178	-1.2288298961037516	-0.40592518902234426	-0.4794827457620093	-0.6053422767525538	-2.6194010993880457	-2.2071322163497675	-4.746497357972447	-1.614279334459275	0.9410012364169088	-0.827135036330346	-2.087547993931635	0.021683762297601203	-1.6737895008634935	-5.954578111112068	-2.243898862518577	-4.690912406840848	-0.5080442038166495	-3.244930471450255	-3.424574196740002	-0.21753453029043848	0.8941861710442237	-0.05091763379911079	-2.8554687412883366	-0.9900683535033106	-0.26297757481473205	-1.0909080389314978	-0.7100971859520335	-6.238471302478738	-0.815703189401655	-0.39154225491402006	-2.7260989763254266	-3.0828875217056457	-0.9577584637393444	-3.4679536701390172	-0.5149664084660518	-2.1015862421735463	-0.6642504803658563	-1.2772862607225595	0.5477574807826121	-1.6089514538501681	-3.5979770333643555	-2.3080583162459134	-2.3211537856280957	-5.471711584721783	-2.7005823327200664	5.047465755952321	-1.6223552902091978
-2.1221813366744433	-0.4510145134360243	-1.538954360737878	0.7590032965230255	-1.8466361513463554	-1.1580531021506766	1.3539154472998642	-1.371099454174101	-1.0483574291381457	-0.37548484508370117	-2.846067641825602	-1.4262198492747393	-2.234066395995841	-2.1190686140507364	-1.4181150095725714	-3.6591955969858763	-1.0137011942867542	-1.1555175219658	-0.7825400245731607	0.1319820659501336	0.0384040104992923	-0.6989339160022779	-2.0781154361019567	-1.9796504925046445	-4.569702638431711	-1.602888723517205	0.6165079353779058	-0.818926049128688	-1.8736842961768299	0.13460717878623252	-1.3753881093362843	-2.215429861247282	-2.505823213407082	-5.210884148466679	0.14719197678221574	-3.1668405882414974	-3.091190013158417	-0.6217029413036645	1.3880600882950789	0.164569347850495	-3.520979408169049	-1.5779890314373226	-0.2212986072680099	-0.8229079957387752	0.913926549790019	-6.1572451260217225	-0.6947369973535754	0.3428268910421547	-2.161859697283181	-2.9961485095348817	-1.0852713094112993	-2.4857612996002865	-0.22670156802761335	-2.006049345968933	-0.864088564594049	-1.0707342698729683	-1.345166786741431	-2.127309040232598	-2.9959164653449024	-2.0364702635538383	-2.0573402877219067	-5.453488628916593	-3.1871180832460926	4.944329358230428	-2.0443104579109344
-1.5678294748801163	0.1404949798195211	-0.9337857002006833	0.5950870261431946	-0.9939279180202326	-0.48559243319028084	1.7950448228401468	-0.4776155455006569	0.32216945616128073	-0.09768332022492479	-2.48880855634607	-0.25157749525923356	-1.5181119155037268	-1.2699515108953336	-0.6613517571206273	-3.279924116962897	-0.4877978953329243	-0.6799090714082393	-0.6547569993355568	0.05298748153742508	0.1173951206956846	0.151935850722011	-1.8003891481785332	-1.9570025067279555	-4.582412103766384	0.3278076791159554	2.270285483727787	-0.32995238163670804	-1.3566907608971188	0.41553336230094484	-0.8277531365953805	-1.0098959557000697	-1.816782721114609	-4.674178157812465	0.4986173866694462	-3.824763629097466	-2.934069679189113	-0.185882112692276	1.9806869334834127	0.7072309985521738	-1.9134674971318786	-1.5155610572562646	-0.06692989792298316	-0.28609508094752367	-0.534977766039201	-5.5557814355268365	-0.40391762486932903	0.6125743262010644	-2.5505177446396385	-3.6408045409436776	-0.5373525108828263	-3.1324074829151756	0.04709605213483688	-1.101883583764211	-1.414700238680053	-1.645647941283899	-0.8769659593598537	-1.815240463932837	-2.821257494383203	-1.2515785903977978	-1.1133896112665105	-5.0442576915565445	-2.056713164045551	5.7790624588542965	-1.2595319282481645
-1.807616299962168	-0.9024167237831698	-0.9076013542394513	0.37987608235500286	-1.6951037123398536	-0.8710986008683128	1.3512642816647649	-1.0278790837360765	-0.5428554522978236	-0.5820240054827474	-2.4628607715923123	-0.773496848647333	-1.6648212645981808	-2.0374993106659907	-1.1834828040839374	-4.20225448299765	-0.26664592006475785	-0.924120486932033	-0.8198764789054362	-0.6762497649718298	-0.5084183248589708	-0.4725603015147732	-2.205525548566432	-2.424208496069314	-4.739338885185371	-0.7668829920586029	1.0273855550161575	-0.5149871845141972	-1.4154681040470236	0.21955914239469684	-1.1622031147921073	-1.9965446987618458	-2.170345145974495	-4.698385411848986	0.47989648940752666	-2.716130491437112	-2.701179117788589	0.151311999110291	1.3420814774554295	0.43221221514110053	-3.074589431024908	-0.9536216870235897	-0.23765874493137223	-0.8410006716382955	-0.5573710836390147	-5.477087909982841	-0.4154610889704945	0.4426481093494894	-2.8642437056738297	-2.5008941977081554	-2.3885904077201374	-3.131032589684281	-0.6100205865592794	-1.4601768210513637	-0.2189833597436278	-0.8023976378736281	-0.6908350457649038	-1.8548988923982213	-2.972263472869845	-1.0951298951880137	-2.4671334429537195	-4.319317494500908	-3.0147234639975298	5.629687161036328	-1.3169347520106132
-1.9058562236521575	0.14024659099906275	-1.585720851444845	0.49030681068738163	-1.9503621831587978	-0.6939764915971394	2.37721902995799	-1.3812563043160904	-1.0640967281707148	-0.7015505851411634	-2.148704997555321	-0.2972247763051327	-1.8324969390513113	-2.027383947238869	-1.3444791732043464	-3.550931849274295	-0.29942254824567954	-0.6964416989731019	-0.5664879899374698	0.1842113808040283	0.07920794187441897	0.05918323054184392	-2.903189939246472	-2.5533314130109344	-5.006260416808677	-1.3758217185163202	2.1006482214974143	-0.296329735381817	-1.431891948721048	0.22004643493580922	-0.9959002303308787	-2.558620470673041	-2.052022161620512	-4.64947893223549	0.16812584530643343	-3.0689913798490416	-3.04710025560174	-0.7302157377511033	1.4361845269496576	0.003872696905376084	-2.7278246720445267	-0.5902027032328342	0.20127802829448252	-0.31580080257046833	-0.6085707179404423	-5.668948816918603	-0.6420533035750069	0.6986272824390619	-2.745926969037922	-2.5622227335559367	-0.7921966070638339	-3.372718072351833	1.3299698631238646	-1.1121951888784158	-0.49117445333565496	-1.1190183443772705	-1.3307637050065113	-1.7690724513177802	-3.098620859607594	-1.6536384290601127	-2.476350208034004	-5.039010536082112	-2.6204293398942218	5.477428150085677	-1.4887554136736567
-1.5838868604186804	0.47933879936200263	0.1787964931697766	1.3276099711776157	-1.9000977867335644	-0.8313440180019096	2.4715773343634857	-0.4343046447833444	-0.1702746223256772	-0.3832288950953968	-1.8888488371491179	-0.19594642493919726	-2.642246675587057	-1.8025297996527025	-1.1022980556685802	-3.081172085604442	0.031567259659165764	-0.3336573218375833	-0.49197308882227614	0.3208252816137348	0.26326593561460515	0.1412840264625814	-1.792075841113995	-2.832425059968002	-4.2554928877242375	-0.6115075195491089	1.7905637718298109	-0.267985550260864	-1.0678546801940756	0.40250051041399837	-0.8220335399257697	0.3469305423601168	-2.6943019247993827	-5.005044000984853	-0.6093210585520485	-2.2835341425585547	-3.0939132928319495	0.12208914389787316	2.2442162679342523	1.0438323869215163	-3.532929330786331	-0.5134462848905295	0.1905986745696471	-0.38513837941935725	-0.22559898996311348	-5.156588691673264	-0.06880814526726584	0.9334096214833754	-1.8193195494295895	-3.406522806046981	-0.3857087539558246	-4.168264304734236	0.1383323660660554	-1.0188879475330357	4.7283821524550084e-4	-0.7818304318711485	-0.13676524777371282	-1.1004637285340986	-2.612146661004905	-1.308772819547763	-2.611025999730316	-3.6667507901038148	-2.7569754998441924	5.792293782626842	-1.1040441370671814
-1.223047614406327	-0.19406389668630247	-1.1158170092667332	1.183561936055843	-1.2025470665851155	-0.21772520187599478	2.2078510421493207	-0.13024209932000397	-0.7965245853575709	0.8921716570633275	-1.8019642322570766	0.6600863209421034	-3.2688149767631134	-1.6370251533963556	-0.8492951146956864	-3.371235006865243	-0.36933598757768726	-0.8800789840840344	-0.3240150227539643	0.42851711726313496	0.21619706967072438	-0.9313265133784357	-1.796890991319287	-1.172886365683492	-4.2887307607469385	-0.22578845212796167	0.8330985913829762	-0.5612575305863241	-1.665522334195132	0.38477896342740536	-1.1038824906262337	-4.892582213019898	-3.2184670931500055	-4.832896760529771	0.6310317676066213	-2.966850406652038	-1.7714819588338702	0.6089260521034979	1.2166798946534643	0.7182277066339204	-2.131760637984962	-0.06013886849152093	0.47719101799898594	-0.19961840699787137	-0.7255061426381351	-5.875097506990778	-0.727362353609397	0.9947302455060472	-2.39201550093095	-2.328309551667121	0.39553318086508277	-1.4293848180771431	-0.49220497485956327	-2.043787189892872	-0.246201005606044	-0.8201476174408403	1.0641208178695625	-1.517971622272823	-2.502200415153002	-1.3150379958416984	-2.2283694907661986	-4.065536023285944	-2.422188341082898	5.8596192225312915	-1.102393813615207
-1.6579110563064618	0.041147348114131975	-0.4597530616049086	0.12846815464319758	-1.330696946468279	-0.7474116896918724	1.8788466928881995	-0.7610562141900769	0.22379873705416586	-0.6744538919202567	-2.3089407695822213	0.2325773320184784	-2.276005638970689	-2.0825409264856303	-1.0304542513876496	-3.6929013809191567	-0.7724543774108339	-1.0013907516140672	-0.839124786441842	-0.12324515777132616	0.01886209694037369	-0.2919669875385309	-2.832034944057718	-2.1382702078514404	-3.641453477825721	-1.2738053439395374	1.6522279055355056	-0.729387179041555	-1.7019693991655327	0.11606514401375335	-1.0481423012398408	-2.623139763493121	-2.533906258015508	-5.11368934578097	0.6869329128075584	-3.622953767336632	-3.155528686762476	0.27684769604619563	1.2709751451631606	0.5925766743439269	-2.5022798454771777	-0.7503779592262767	-0.1955472739508034	-0.26544723641425794	-0.6707525097166949	-6.043877577360155	-0.37898795185274914	0.7015225736757049	-2.364610405302399	-2.9558452763686196	-0.6605771130834107	-2.032022802035942	-0.9184924634814882	-1.7674847054448275	-1.0948264163926062	-1.822454925148682	0.20837638263945177	-1.4084997821573373	-2.7978302095486822	-1.3264550791201222	-2.7921608472306074	-4.3292401581894	-2.806501138538986	5.873766026367105	-1.6914161938663679
-1.260524847585504	-0.08610754716568621	0.0606307945627062	1.8539256111593727	-1.080532909186111	-1.0446021473550697	2.247591581234096	0.38589374473049437	0.3896022272450296	0.2740123869655676	-1.2603594889353749	0.06569945795821218	-2.5125197745624415	-1.188743526594303	-0.689659972932214	-2.966204433594371	0.7125819355123478	-0.5826462013486255	0.04382400491898117	0.5837131259944116	0.8566709872777585	0.08457636924116008	-1.8673683566954407	-0.7803544116489355	-4.015805756656036	-1.2159250926495515	1.1577469642166227	0.17944633702534432	-0.5202175364936075	0.5387323041112709	-0.9880512685569084	1.0300471173476788	-2.715213080058235	-4.807653465160617	0.6119350373307274	-2.4737164332760178	-2.1211503742916333	0.6935056361098054	1.9929135756219496	0.5248168153991656	-1.6561926716409137	-0.466504602472468	0.07964527194871071	0.25993232209251466	2.2754250266890916	-4.957705257674364	0.46460499666691685	1.1885881354824492	-3.0326107126329567	-2.7209262597623556	0.35184789284361134	-1.6122871982113547	0.47449642498211764	-1.4353124386284475	0.1109594086839936	-0.7387532252411965	-0.010953650212032952	-1.497403597229137	-2.4422424822440223	-1.526538218090549	-2.8444476568542942	-2.6057706451431586	-3.0934466710104784	5.890880749274799	-0.5779830787705761
-1.459723348390238	-0.003985628508487219	-1.8415910429086728	1.7056486310174543	-1.1136145032598666	-0.3703617820299779	2.6547919837905583	0.11518701796175561	-0.22472204793878614	-0.09115187971888561	-1.7698243770655067	-0.3202433956936748	-2.7410398927874335	-1.1401942112999395	-0.7890309562690564	-3.0184492513692147	-0.11995088270179526	-1.1214065784460359	-0.4533986660925896	-0.03315895705771781	0.26262664380976514	-0.5129689502505699	-1.9215154149020643	-0.26912947441902574	-5.618002546353453	-2.41722397815966	0.518809323663897	-0.03997980105109385	-1.0939887366280021	0.559714859060836	-0.9909919726219113	-4.494464278985083	-3.229096714236291	-5.397696257102256	0.7954129131485818	-2.815398312926557	-2.386585553482406	0.9295145930910931	1.957613291289702	0.4868028870479602	-1.0981198809904826	-0.5169201450314238	0.4584936875857215	-0.07404515592313349	1.045911405751516	-4.767697473511754	-0.4080185268641759	0.8611158211714219	-2.1943691580958262	-3.034242588559828	0.15433522184826073	-0.7513305650990948	-0.16701506358609236	-1.6902051247939667	0.07272127977531333	-0.7013635217543621	-1.1778727440961052	-1.3472327871200573	-2.429187228010941	-1.208644304004291	-2.1189359271449617	-4.478422427663673	-2.858897247729202	6.014509400993925	-0.8078178877423746
-1.3808956374278099	0.1665795753599746	1.8652147567973325	0.8680857119742817	-1.062734507202028	-0.7321668321210919	2.9864335831145667	-0.5160631072995716	-0.9562270175176603	0.660122775516689	-1.1813893628062535	0.604861091124576	-2.9679430166265113	-1.770641854028178	-0.9466294704911469	-3.0967186297087634	0.4827578299211906	-0.32472357305464783	-0.24697513112994418	0.4321979982809728	0.378347384016715	-0.10868181454375592	-2.2936762434409053	-1.3933735790827373	-2.740621932718973	0.014568379124494798	1.0973016690750275	-0.3656941382308494	-1.1730040276460787	0.5219185742727672	-0.4992182844845881	-0.4233664480166355	-3.097275052137372	-5.408216022741996	0.3425580946626068	-2.417180903132868	-3.173238300798896	-0.12693576714203086	1.948322468082072	0.11281088392497333	-1.4875640601743219	0.09906197494637962	-0.03127646314268801	0.03944833284318412	1.186046141037388	-5.9847667181401425	-0.5633943205883302	0.8367856889795643	-1.3823944243746062	-1.9425110810875494	0.6234200269732479	-1.811209768968416	0.31326354774706505	-0.7952230212654272	0.23997725834141057	-0.5256420880399947	0.9873728270713213	-1.2266047969473257	-2.135447169250874	-1.0076186140781118	-2.078225999657828	-2.1946175755582296	-3.278836044203856	5.685592529429523	-1.6499824667583174
-1.5620644641806898	0.3914859683943775	-3.162240275517666	1.7216333520098366	-1.109293674308784	-0.5419134157221722	2.9231843317657757	0.5111812136626648	-0.17418764017425425	0.42684161541689797	-1.2312268547021177	1.0721894066930862	-3.5373660251006784	-1.7093199302784767	-1.0835784308247352	-3.1753706346628046	-0.07357396136105128	-0.9364639311911441	-0.4178494621987181	0.4666718480165548	0.31350578456741707	-0.8450397597004099	-1.9908217124958965	-1.5403577203023346	-3.1436358950296417	-1.4270036139179312	0.8229387138167781	-0.22944978669887864	-1.4109921956172728	0.23870337277209977	-1.0173577211020508	-5.444447175782616	-3.3288817391670062	-4.855979089292149	1.4292195133106964	-2.5269287625359893	-2.2300467094664373	0.21086918778112043	1.1236733260032563	0.7662655689176501	-2.370866790551197	-0.38308310488209396	0.3189225481030774	0.444638036421969	-0.26071637343107157	-5.279500655093284	-0.5708105599156182	0.6098697438441544	-1.447138462663377	-1.9273693038479855	0.6365405682174607	-2.2989708226698555	0.13828844905687665	-1.941198726666618	-0.11553118119554819	-0.6591329428113876	1.2667209083804343	-0.9732668341281087	-2.088637217190073	-1.395121942999176	-2.2496334754741376	-4.872896374064864	-2.6602317965852786	6.13473845983296	-1.3725991002485067
-1.5336115062187485	0.7225186913019683	-0.8904545461233992	0.8061121033830649	-1.2828272315658142	-0.915836991489983	2.1049612893290504	0.46392976372936373	-0.21436253260998525	0.9761200123602772	-1.3051310527341367	0.5308713914629509	-2.66105433243123	-1.481654743525694	-0.8665258433608536	-3.3295280655786614	-0.6708909957427249	-0.5138513835004194	-0.2926484678773	1.0097486882562923	0.3336543072352181	0.06968294040801773	-2.4206554574973445	-1.7118166715298753	-5.545793128658851	-0.8571971475491359	1.271479886755573	-0.30097862609122145	-1.2304818690374608	0.7442442003951516	-1.153646397630578	-3.282940043744681	-3.025465682052349	-5.2660228143139145	0.1923876980753603	-3.4479572576163773	-2.4544914149955566	0.10997288499218395	2.3486832300708307	0.1711181055303237	-3.0769683242369434	0.24456759530890396	-0.34370260481329623	0.2164653295062736	0.5401478501325607	-5.502633530445237	-0.64171363727444	0.6004663182240847	-2.1079451667415676	-1.992843909942543	0.29586049839874057	-2.5657145696175134	-0.002335806964252017	-1.4081164377323467	-0.15222256295086165	-0.7620918105229729	0.6503070479114682	-1.401623351804011	-2.22721401849795	-1.4913600028904899	-0.9786969053392344	-4.900142636485615	-2.283585302746638	5.8370510047232695	-1.9431664923078407
-1.5561098950764778	0.06686102467749518	-0.4375169534495455	1.3923801024034075	-1.175770303575988	-0.5947738168124003	2.4806984786218895	0.14578842218254437	0.04014177583067066	0.6298360107394003	-1.565355688601176	0.5206126765894923	-2.4187883179148706	-1.4258264269429928	-0.87478734972128	-3.124483436218348	0.16264175039372347	-0.7720871507913523	-0.6104631110968743	-0.27534396557910346	-0.06669945233903414	-0.8212151436373136	-2.0120002633864824	-2.119500967546316	-3.775037908657208	-1.4131249077615122	1.2093715823149578	-0.45434672627193723	-1.2793985056802453	0.4675499425514962	-0.9847818128119433	-2.6314643686602692	-2.697570477094262	-4.421252306781973	0.7221680582462864	-3.1277184936042226	-2.1948237587627073	0.598844298407494	1.6376524845288551	0.792194314645174	-2.8570682782762913	0.362531315501142	0.33421539578210274	0.04863168789475896	0.09624690281405421	-5.693205878031781	-0.4184195417661033	0.7378777726739257	-2.199494147136403	-2.8555642430091996	0.0846192941868788	-2.3019277589353355	-0.11411272626624455	-1.6035991351061298	-0.2093209150689631	-0.7680654089918265	1.2735850149354935	-1.122305617407581	-1.9890561147056685	-1.4936295480338142	-1.9321185197257988	-4.159153030896897	-2.4545493181799443	5.917478702366355	-0.8464824943887663
-0.9567660504609737	0.9802787801856694	-1.701153427461332	1.4989098873706796	-1.0067604822174079	-0.3042976203484781	2.4608688524110063	-0.08559387841275035	-0.35164395505443585	0.3814066385361865	-1.54791341427158	0.6335994149100297	-2.6844219789360095	-1.0179228161368084	-0.272408753548965	-3.031031869724774	0.585674338867277	0.010689368067234509	0.06719359947083794	0.888932420014606	0.9770904198390051	0.43590913029111794	-2.256481191609222	-1.6531481271976187	-4.177979513710375	-1.4907041099999263	1.4935187533860217	-0.05111468836848085	-0.6388674813166487	1.110913776618719	-0.4815929879647595	-1.0783223241443372	-2.771683439680357	-5.185248535293982	0.7194880760509971	-3.1455903332740287	-1.8395795910819193	0.6947121459938068	2.3849100493550552	1.0213105736966033	-2.227774644678612	-0.05677876700326214	0.5514825377553575	0.00889494654880549	-0.010517392321075146	-5.011632856322933	-0.4285384828205521	1.2052031268638574	-1.4739892694057293	-2.0686739976878585	-0.08650128433517126	-1.9900119976655974	0.47521390525027474	-1.0080890350307827	0.10462967904699322	-0.865553328560465	-0.4033240978420878	-1.3994265496046052	-2.351131087483153	-0.8186567466902155	-2.3396026912258985	-4.093578177696327	-2.0321987291900814	6.287695928837716	-0.8205922009133787
-2.125524342532531	-0.18039470831103885	-0.5500565591951693	0.7379821636890013	-1.69137973596329	-1.4746012151985302	2.498854199477317	-0.45626850708692884	-0.07013424283824235	-0.38976346420803226	-2.680660556015949	-0.25886956796555866	-2.629405590622625	-2.0621512938753046	-1.0294495736192382	-3.864267420078659	-0.34359706639544596	-1.0162739477681013	-1.2286926059291916	-0.06572515239103759	-0.2860226069994166	-0.537650480451904	-2.2980690761007945	-2.1082816179903117	-5.025463844767069	-2.0667639355061374	1.1076142236291657	-0.8431140788236218	-1.9248093816036251	0.11569154634588463	-1.1173675874630127	-5.148058925352968	-2.7537403657002884	-4.693704700546653	0.5418212674220895	-3.343294279999799	-3.4119935338837695	-1.502693954346381	1.3122494715489368	0.818037056734276	-3.056580357021684	-1.1065580425125119	-0.3912234948795441	-0.5101239085948671	0.2357009778506309	-6.421127467944993	-0.3849646641823183	0.42742442870512065	-2.3397944894639697	-3.472992458596865	-0.254330217158015	-3.317901528154344	-0.43733834937546	-1.5770804730289267	-0.44530279734917605	-1.3019469043558796	0.5633584648695936	-1.4875938709092846	-2.7258606989665064	-2.3501176619504474	-1.9417903346990335	-4.509833727156139	-2.6103010892250462	5.372150035828504	-1.710613149371854
-1.989912312452284	-0.10538328635626293	-2.2859210178481604	0.37612373471735505	-1.7533861218074456	-0.6083622364400757	1.9182744530395253	-1.0368981657200005	0.12683112625854714	-0.6993185574142609	-2.7828776464936484	-0.40739776181808146	-1.986816827521889	-1.8432986890787277	-1.074009169365197	-3.6525425696988636	-0.05091447308413473	-0.722799800338532	-0.8066835405974702	-0.030205574914787293	-0.33214788749440954	-0.5247196694917056	-2.326749897800825	-0.7123008271034277	-3.661569748793626	-1.2850997570608413	1.6032125614260493	-0.91244409967760165	-1.8704342006510648	0.295809234110869	-1.3814279793079682	-4.480482875885161	-2.27901174501181	-4.731767967788142	-0.7892266168126251	-3.312093780779173	-2.6271558099971384	-0.7099366309369693	0.3479100732112046	0.42217280138132485	-1.5149266366605285	0.08673787488374445	-0.269182393439536	-0.44005446920528846	-0.45067633796259926	-6.285813165601008	-0.33477992989069993	0.6297477934367633	-2.4926725409551747	-2.7060567035937755	-0.4150351349908065	-1.9395852622213938	0.28376670296428236	-1.591276938381097	-0.6087371192554886	-1.095060227153073	0.555598258186835	-1.9076571403467768	-2.7696515773313735	-1.4012567781730103	-3.237301221247086	-5.05281289623174	-2.8441402315778026	5.95116215805361	-1.877643610639118
-1.588694792749881	-0.18799475596502374	-1.0206975282170485	0.0997174484547738	-1.2301158254742246	-0.7633636662889952	2.2660639750729596	-0.5506754827978061	-0.24703431899733239	0.052206817303625905	-2.399617324616208	0.12276569842835207	-1.755907021192364	-1.9983793322167867	-1.2689707841834517	-3.2399447990622816	-0.5365419994298588	-0.7390830311454483	-0.4170061235870865	0.4256752347247141	0.22025563732698772	-0.03086134123612536	-2.251588484687052	-1.6974386956838992	-4.976457598737676	0.18360895022072443	1.2775485841780139	-0.7784751822797543	-1.4231950940733171	0.33327252708359933	-1.2228554694703935	-0.3246642828163331	-2.5466519019268885	-5.296647160496692	0.12423733719993012	-2.540956974043848	-2.946914609118212	0.4672917883429218	0.9841016076687625	0.33960273133269425	-2.401214214898386	-1.4456045364784906	-0.5691442130209794	-0.5108706716206433	-0.03877305857898269	-5.402427435086133	-0.34909931127198895	0.4291423473874266	-3.237742604772185	-2.903745857008318	-0.20932845029113192	-2.2482859312360053	-0.6994137630670667	-1.2234741801083209	-0.4294899335764489	-0.9428744554338925	0.6572359964190431	-2.1205230757235323	-3.142767260561051	-1.398280259453124	-1.9909602302513978	-4.247776436080589	-2.2358112623155835	5.197844402979065	-1.5637038295029364
-1.6043969532863886	-0.27481462788302596	-2.005511519172865	0.3286742297604847	-1.5132635579013731	-0.783465009056011	1.6828298481852217	-0.8143261877131884	-1.9047150407111741	0.1353202555710111	-2.461271863606722	-0.07784695879748631	-2.766584633600743	-2.255082243702973	-1.1692094420475656	-3.9929490082740347	-0.4298457777630186	-0.6681004910771775	-0.3048993044754387	0.03688986838297578	0.1664208819348847	-0.5431804650227019	-2.4033312804817752	-1.3394839492373907	-4.754756589117316	0.5156280288449275	0.4307792819172595	-0.8544114879068331	-1.8980068955967513	0.1289457786051261	-0.7163980816069518	-3.4075546426576575	-2.9889778170153707	-5.101968411363691	0.46954316634356846	-3.016553728091483	-2.621707792856607	-0.5284770495572688	0.24363831806854563	0.6649120127883477	-1.955312104272104	-0.9356868805003467	0.030968219522172852	-0.7772866093093999	-0.4402551124341112	-6.829424791864556	-1.0569238804935521	0.36652724084245647	-3.2937078692066195	-2.9065525954643365	-0.4302095867115359	-2.640759573726815	-0.31939060461165697	-1.0899766027093194	-0.6057926560382857	-1.0817719242016035	-0.18751440801038638	-1.2757275085079465	-2.8442257089466603	-1.0253710320178109	-2.20270573951789	-5.622784587606984	-2.587989782162162	5.205634420982423	-1.1606999180655022
-1.2081757961387964	0.7551290867937033	0.6264992017375471	0.6921060698642698	-1.5114043446254717	-0.084749611069668	2.9187744869500554	0.48163281332693864	0.06056600126677648	0.42191852183816486	-1.171653111687601	1.061138987503964	-2.9832012316035805	-1.8422098046006845	-1.2366644570784653	-3.575059467311382	-0.062275485260313304	-0.5322612921203479	-0.017756324208616895	0.8824304315212308	0.8582707060667418	-0.16551874371944156	-2.8198796301208575	-1.684073339198638	-3.9369630083289295	-2.2710091177434	1.2714931260638722	-0.7153741478293595	-1.425461746249213	1.0956451796588087	-0.9608054638946764	-3.8407617772501124	-2.859505542875852	-4.7784054805422675	1.1024720262557846	-2.686040410173075	-2.127942310840823	0.36450276834206585	-0.0749822733027356	0.4098108055751828	-1.7503028144148838	-0.15044298829768216	0.2222611885195986	-0.18452684367849262	-0.4729080236544551	-5.571795688978732	-0.5566602021736125	0.9920051461462539	-1.9601388850532735	-1.7876622947800798	-0.0657661918721222	-1.5008288643486616	0.126264630231201	-0.7731545365815811	-0.3565118016088008	-0.6737936888521245	0.6746576792728419	-1.3629213404783134	-2.45252198572318	-1.0536186798538751	-1.768074561411211	-3.351836499527995	-2.110274985866212	6.160102817562489	-0.9038082818155152
-1.373123046488488	-0.04597175806798286	-0.9798675646119629	1.5429037953512414	-1.310751876455269	-0.5304365664283732	2.4439831356841832	-0.21911502162188431	0.42792075692262715	1.096429076095797	-1.156584375221554	0.19308004054186373	-2.180845794691097	-1.431444621158209	-0.8045954714617184	-3.148870175657695	0.313795847548532	-0.6885876026671633	-0.3271466086682627	-0.18458609872123632	0.38695491226563	-0.7825590991231378	-2.217917947486746	-1.599745109403434	-3.4803957118802034	-1.0020819436287405	0.932582375789602	-0.023619222313853414	-1.0311754199707537	0.6018310357115049	-1.4216681616507023	-2.7195898533360348	-2.0882456773727376	-5.1040131588767474	0.7140180109908183	-2.7631150742448196	-2.225691975224764	0.39066061171104316	2.2762927678806983	-0.14735154382882837	-2.3736716620875487	-0.04604519859066189	0.06640134770715549	0.01009032781498893	0.27665315544097907	-4.934297320715364	0.3425344753747411	0.8380171695154092	-3.399360447393644	-3.2847249228500375	-0.3242606402610132	-2.2879822745325242	0.44967434515492066	-1.5999921564057922	0.13873173719640358	-0.6678689995705366	-0.1878067486228102	-1.2171742890040396	-2.700395580524595	-1.1489696970255152	-3.653721649214211	-4.300530574329038	-2.0821544385573048	6.007118669117562	0.12581060236848282
-2.4795063779672746	-0.1841148395015754	-2.6061808192946536	-0.2956563631451901	-2.3413612362578937	-1.4310760459338006	1.1263459081508111	-1.6398211930461235	-1.4155119609435234	-0.7386283550580498	-3.4315203521513578	-0.8149517881787768	-2.68641015353705	-2.3715718134396107	-1.564579408585465	-4.223617429946469	-1.3485132836178966	-1.269148484265601	-0.9211411300578791	-0.1578848429142578	-0.12757985788022297	-0.7063291275571834	-1.733077180044072	-2.3403838208483068	-6.628964574809214	-1.1563228969371262	0.6065919951919443	-1.0324469554807407	-1.899737591065173	0.1318037709808486	-1.3644012808590145	-4.188331008479317	-3.1578041320713712	-4.68527327476818	-1.5017604227602779	-3.8552575437067063	-2.855442819932634	-0.31161007363161947	1.9376490673361404	0.0592524939924217	-1.1888736429451443	-1.439121050311376	-0.5777257021258931	-1.1804002545079963	0.28916614742501506	-6.107745747068146	-1.3652441441913878	0.06023855007319643	-2.0216581031087077	-4.190346256401109	-0.9088092403398121	-3.364174173739451	-0.489933509642523	-1.9952979995194158	-1.1156766561725342	-1.6027086704435016	-0.5474785566982441	-2.0681640788822198	-3.3867441422460547	-1.6022740147605665	-2.4447980701469145	-5.939067670562905	-2.5218889511283393	4.555314740580381	-2.05447765820876
-1.3431884732951174	-0.28883840961065305	-1.847896056644377	1.3575597269585773	-1.097152178936102	-0.9593185014731065	0.9472347395954768	0.11326544243140647	0.4955918949228584	0.36811796397674973	-2.3242056929114865	0.160232003048925	-2.5937939426681558	-1.7576309128493455	-0.8448938173185192	-4.135999666527881	-0.13176738497948468	-1.153937441123926	-0.5812682032982905	-0.8821296634978911	0.12939691646268706	-1.4242923779804908	-2.5285762079271863	-2.0851333621064514	-5.634352482848265	0.09933461708941162	1.5657343258258467	-0.6944784721661051	-1.660170348899558	0.2962126393848511	-1.528532564566988	-2.913740902000889	-3.104277230873499	-5.094261410622775	0.6740085028389925	-3.4277525493663226	-2.157008702241633	-1.3487018350642639	1.1843024622012894	0.5172512641266177	-2.6268530113337807	-0.35705460558883567	-0.16557006429092522	0.23180763429232726	0.06268094306986433	-5.5869805408651905	0.12864119479861927	0.7790115630920406	-4.482987277237241	-3.5640236223105237	-0.7464247302297149	-2.4649715386871938	-0.31013822980450184	-1.4126311098990532	-0.20616432996418152	-1.0196370580124576	-1.250352630870451	-1.9197470886243424	-2.8455447181903994	-1.574474505452889	-1.5018131377896209	-5.296351967791344	-2.7009668627042047	5.503982612691438	-0.48837836420006175
-2.1593852422545137	-0.9720474933273574	-2.4279126911130087	0.7608514004510374	-1.8745545130238388	-1.5586476405327772	1.4510770043814505	-0.6445582084609517	-0.7270318665124407	-0.5121308965200367	-2.404446060413417	-0.05648887660652549	-3.8389173769866405	-2.1481783622549804	-1.0057428377341502	-4.141450810306798	-0.8065221701317928	-1.6753863801148392	-1.1215528362294527	-0.7448492761074357	-0.4012373283095091	-2.116372654862345	-2.6723384931747343	-2.008682033155745	-4.07312377731439	0.5788091633276171	-0.685014872052544	-0.9735489961808745	-2.032470111158499	-0.11962929515479637	-1.9543351229398398	-5.4801786438745514	-3.480626120736309	-4.555178553980743	0.2556777918145527	-3.1401782820971715	-2.9415386765407088	-0.8312366332272494	0.9371957998059408	-0.08757704659303824	-2.564209527041571	-0.8304107191391045	-0.32831837786910795	-0.845675386958421	-0.43148477216015113	-6.403835645158261	-0.8976606303169075	0.33290315721404395	-2.309349197862465	-3.5879208539109873	-0.07680561444716577	-2.5421435948627638	0.12112967428682184	-2.2940615274263156	-0.609875988037869	-1.056485676975547	0.44808880946603946	-1.6744908401221998	-3.527823041915491	-2.2750831465651866	-2.8669792257366353	-5.462287986740284	-3.480646404648132	5.7542742993477365	-1.7988076465143672
-2.17359401166964	-0.5361490767227092	-0.8572482730949491	0.5122180067473885	-1.4517497575999245	-1.2634666064866777	1.526990578267008	-0.8591187276795538	0.08607896815747519	0.44045631215216796	-2.4740555145794008	0.06829634288444898	-1.9507928654385307	-1.9489078365995627	-1.2339233865561987	-3.071406912507268	-0.11681261239096506	-0.6643631236895441	-0.6593849663741449	0.029670497348597575	0.14685723391778505	-0.09836583090833716	-2.0762743515633617	-2.284795060320009	-4.3954983128726735	-0.04445894784965029	0.5313099378505973	-0.44452832091016675	-1.7035286722322138	-0.02283106035428684	-1.5028820515445744	-2.5110330188373724	-2.8039884454678976	-5.228647391154551	0.2580087863508054	-2.6301532289748066	-3.161681161843752	0.3590325108852493	1.0363602306303652	0.668534077793385	-2.9035906196608563	-1.841474823621505	-0.4511286959304031	-0.6794859636132099	1.0556608547218362	-5.78095805397685	-0.7830663868488129	0.47921495074033355	-1.9846648661392325	-2.3499756617646175	-0.3003701957838276	-2.843061670222471	-0.03539382086109051	-1.0748063702533555	-0.4161907032326941	-1.365913321167124	0.6619391453646628	-1.81295252649278	-3.43671263727933	-1.413868063306649	-0.8626801017480693	-5.174765191568067	-2.790013664826172	4.974893467859519	-2.140396336488991
-1.755366614295208	-0.7452911242061557	-1.784698078688255	0.33918936599214716	-1.130387561289534	-0.6491291147592694	2.1676541755235874	-0.3283566330387122	-0.9797937451415796	0.4503531704908882	-2.6729209569756183	0.6647959614375287	-2.511115334042669	-2.2928750641222537	-1.3902959873828296	-3.567815592562606	-1.3494363823468345	-1.1924774205240252	-0.7806558191895203	-0.14040172673991705	-0.4884454116041084	-1.8370479090555771	-2.455751730871889	-2.1662023042963177	-4.949246616628739	-0.9987725801222075	0.7993434988620624	-1.1376271671318234	-1.8727452036701788	0.334178509521946	-1.523178912978667	-5.93732838562638	-2.5174363122777725	-4.821034215153196	-0.6740334926299856	-3.776747516476166	-2.2782228966886113	0.06605639783900535	1.1335086984121399	0.7203441739934363	-3.1155624697961444	-0.4231649997506599	-0.17197494460425367	-0.8187261568985071	0.6637373936939822	-5.983638283478656	-0.6130342736970255	0.46651851707260705	-2.567697349747764	-2.3130348809065544	-0.0020483687057116684	-2.8971681354721475	-0.4171284725500644	-1.9497793893525217	-1.3761861766895194	-1.5854400396535104	-1.4309376262437001	-1.6414949364554654	-2.8430954085833906	-1.010362081748835	-1.6102948920079212	-5.553049388274294	-2.3487080030513483	5.753282807659267	-1.7922179669800817
-1.8846551595388608	0.35153074065974554	-0.21103294933080594	0.855837374681514	-1.3700866763142834	-0.9960363420368585	2.2156377779597136	-0.30778791239796166	0.2935188458732028	-0.4823414568849252	-2.04898360581034	-0.02286469026215387	-2.1028622562603614	-1.4754906444406763	-0.855232974042328	-2.970762062184891	0.3451030826711204	-0.87794507231942	-0.2655094394769908	0.23473389108379622	0.4495042188401066	0.03589749732229978	-1.581247412788622	-0.7799198350706622	-4.652429982130708	-2.1847491234199174	2.1410203104697865	-0.5292273333287589	-0.8859934029029969	0.5033240109545193	-0.21234405086515723	-3.0721240517504973	-2.1376231659624327	-5.069294000299324	0.4803998816767863	-2.9212965349489326	-2.6970922558092845	0.5358390331271895	1.3834126092933223	1.0601448808013998	-1.1674884364979645	-0.3232585440710812	0.06825096168525095	0.26090814983020044	-0.967100279203143	-6.131253815843067	-0.01158117958396199	0.9877469508404	-1.4690038079970806	-2.867482392810005	0.32272959880208413	-1.52842270186177	0.07547842166439386	-1.31168532009247	-0.3066054876286209	-0.7466528969113554	1.9015797989616503	-1.6043506403101118	-2.516672894456954	-1.3196343034981464	-2.3415869613533817	-3.9293971023439744	-2.62053306617297	6.005281365837005	-1.4806303220977273
-1.83680042817701	-0.05238915075335694	-1.6715373049638522	0.3036888680668415	-2.048524667916798	-0.8133753030864098	1.81081622703674	-0.5979756263076372	-0.2092825996084645	-0.5716873665511504	-2.4327816151051187	-0.5021294598784578	-3.5238973923919077	-1.9580237785142343	-1.4405118699762798	-3.505434290646492	-0.6423888284696133	-1.1541162384172023	-0.812512017821569	-0.1281680725811863	-0.5940283271223817	-0.5820453349925506	-2.5168226841436163	-2.353582547240249	-4.600796589987005	-2.36768650666846	-0.2506627652699953	-0.7149977348264216	-1.7789919756025923	0.15685953129745336	-1.2759991114435054	-3.1218886851807097	-3.3909585495701395	-4.393315092279662	0.6060380627835877	-3.3998301480982946	-2.4955915183834234	-0.04901768148308754	0.6423875720918711	-0.017388092418807653	-2.7041084773737114	-1.4465808379301088	-0.2544362571534178	-0.9052652850885909	0.041764447664010676	-5.856042308986024	-0.8666169370292853	0.3589870279258931	-2.7939305424095533	-2.753356108141806	-1.396117221168681	-2.682784328094571	-0.25860945776093	-1.4437594215629572	-0.6605218103582224	-1.2169697658193999	-1.793107646932534	-1.8603356769173098	-3.084678739125834	-1.5549365538746933	-2.6417602850931936	-4.73303310981887	-2.9103136326526986	5.083789851640064	-1.3137059292063895
-1.601756920111014	0.38320442267490507	0.38672961855341564	1.1887983846103063	-1.4107580904320092	-0.6342161361699273	2.0154467437573294	-0.3679928975539351	0.44643549826401496	-0.31926284331920807	-1.5088920225871183	0.3761216458465661	-2.485740391622269	-1.5759886871759723	-0.9675397287627907	-3.045988241440039	0.2289909186726414	-0.2762708869788666	-0.3212789896238413	0.38929622155189547	0.44298309582338885	0.10627216300771127	-2.7082989772175323	-0.4491453612528656	-4.121475840512084	-0.48336953827733414	0.9051578423187041	-0.0694495444199494	-0.9182345160652919	0.4616046597136324	-1.4154634686137744	-2.946401274557175	-2.3083195203571045	-4.769532014371139	0.8134093120714994	-2.850719862757342	-2.6524974837285775	-0.8123391638948982	1.6275859877950778	0.34947571717633386	-1.6017664343435272	-0.46182518685733864	0.322235538253855	-0.18021005584091118	0.09705149166682225	-5.146471993915915	-0.11828739135773651	0.8255008840680591	-2.4349816272089755	-2.5822781445034275	-0.5683520250558701	-0.7667653008899898	-0.34394390579603146	-1.0757257897939112	0.4116661480374048	-0.9016310089345511	0.41946189204120443	-1.4164239260051255	-2.5186188157029363	-1.114427367234207	-2.434384702091267	-3.4659046626430423	-2.5331845567090463	5.784309986195217	-1.3099477020946804
-1.2552792875061145	0.11306037125109375	2.2675034048622615	1.5994043711554167	-1.403486858711466	-0.49063885797281215	2.3655625773793503	-0.18599170644634067	-0.3037149521826231	-0.389687835414675	-1.9942033489784523	-0.057194208314090784	-2.5756759173568016	-1.5195247302131238	-0.954442953712083	-3.2488755719704723	0.4179912536493265	-0.3662329738190038	0.01928448050602609	0.8416572965189405	0.6947978910612904	-0.2593148856469195	-2.4635446453170338	-1.4397520017772905	-2.2833707245258483	-0.7374205327091427	0.6398924833873795	0.07421250224709731	-1.050873765493705	0.6520624440623483	-1.1266727018347504	-0.9871495263080187	-2.779155832228504	-4.798321033004975	0.9217316887373657	-2.416105848440059	-2.0744572716884053	0.2726205945749887	2.7412904975540036	0.6086509817129083	-2.383132280832667	-2.006418298104617	0.029537112534678667	-0.12168761784373633	1.4213610595251556	-4.705524780824338	-0.37999768729050115	1.0974423803377336	-2.206455785670052	-3.5881858744798154	-0.32263199630857786	-1.7785718374510124	0.3263358740251403	-1.4675666949222228	0.0848193409057296	-0.8551736216947213	0.7648622289971012	-1.113028710594118	-2.5614222936526714	-0.9996238884907901	-2.5605217209113844	-1.9154721845690446	-2.329042884027679	5.208811680760116	-0.6182518343305791
-1.5011240359366829	0.05766700906667624	-1.5014713107547282	1.1818273879812728	-0.823723937990521	-0.5158755403463454	2.8503943635974482	-0.12312272139831536	-0.5508449975158196	0.323323222800675	-1.8509520309292593	-0.19278133542280365	-2.5268614347559573	-1.497823009755401	-0.7791523662506998	-3.215494969537129	-0.05555612369220578	-0.4554305082521609	-0.3569624589908672	0.34539824777993944	0.38028863721072664	0.02770147524274791	-2.2161599849295572	-0.7188892740275821	-4.4634886324107415	0.13874192670338967	1.2666334936739017	-0.44418649565231205	-1.199731274370113	0.5422041234305763	-0.7336743497609929	-1.4343341136215833	-2.552011070474622	-4.752638990204526	-0.7398092838996004	-2.4662420539991814	-2.4707827414777044	0.39342980081524376	1.9691993077045487	0.9372158249571151	-1.453152077635295	-0.347583964091662	0.3170890785316117	-0.1090358289379764	-0.11770549175757637	-5.672695207911318	-0.20285377405670824	1.0424681961862947	-1.9009590292878555	-2.630837180696205	-0.06790321152440666	-1.4428006925169385	-0.033673054668370346	-1.5009291530272537	-0.2314449773538493	-0.6694906254319688	0.7681371289418322	-1.3451137171016956	-2.067168246093775	-1.1907992041371498	-2.215258521733827	-4.638296227596948	-2.2069887477434547	5.79993092992461	-1.5238984884317701
-2.194806968790296	-0.43604360495230016	-0.2729508504548357	0.31236580903707517	-1.7969135213467733	-0.7721111556817722	1.6233796353533834	-1.1422885904012954	-1.1049417442987224	-0.3818200921521629	-2.5902772609702702	-0.7544076945602182	-2.836100707144427	-2.3869099058933303	-1.4388316549024207	-3.8645606218234025	-0.48996768092358883	-0.8445135949854367	-0.897189142825948	-0.2230032798088322	-0.10821068872084955	-0.42629891183274077	-2.8329912412682066	-2.693915190438426	-5.169203498545362	-1.5953536144789866	0.5574922254713172	-0.352399121047824	-1.7825379295895802	0.2717831429087654	-0.827329757997147	-3.2111359237455863	-2.673151828355266	-5.534644943549465	0.1226286137874009	-2.9239231261756666	-2.8712082469221034	-0.12143244050866871	1.2903602797157638	0.20929834904931027	-3.5872740564384653	-1.3272750405293843	-0.22296486443280683	-0.6376309149762933	-0.05919832802935966	-5.530353119689942	-0.6858930554003664	0.6303165324046475	-2.4126182189064553	-3.171571289166875	-0.742670444936947	-3.115452840361099	-0.17252386349441237	-1.5127456124794314	-0.4706511496976153	-0.9568219950345973	-2.2526722191045883	-1.626945612739408	-2.798295943953699	-1.4200362773173427	-1.2396477472896612	-4.180819321868051	-2.869772139350433	5.090621359279475	-1.8195473649996825
-1.4922348673065517	-0.11028037132037093	-0.8592793686419044	0.8759922426941629	-0.5880508151125521	-0.372005000991727	2.755534348215658	-0.04018186109208894	0.9363484933129257	0.956115057609966	-2.2853750882670627	0.3113288589478196	-2.6221864649967803	-1.476055489879253	-1.0793443035815997	-3.7225189216907735	0.2570925618217601	-0.8943172958946477	-0.947755147774198	-0.37778386909513006	-0.3889055355054286	-0.6830201957819526	-2.38726958936964	-2.1234483598521514	-3.3426392212201503	-1.004843453484439	0.8318398139855012	-0.6258896325768571	-1.7049408361656795	0.7510180465759658	-1.2931847856318535	-4.829963381361517	-2.415686594124667	-5.022694197827102	0.6223219200095054	-3.3878986033755556	-2.86637368152081	1.0305856795489752	0.8884449915895507	1.0938795620157287	-2.541505695045747	-0.041014994137399154	0.20664032508682023	-0.11223231757644016	-0.4636774069227637	-5.496361655847812	-0.15660049390082031	0.6694413713598374	-1.771966816577349	-1.7393288760710963	-0.6645803095843368	-2.0892976098845972	0.3472689687596648	-1.3969516375345579	-0.2427597228358937	-1.0430013725305975	-1.4494427987159362	-1.5526237461301087	-2.6162594546771416	-1.5176631305292247	-2.0521050159367125	-2.6629987469759167	-2.299594394727627	6.183832988970589	-1.7582831137070989
-1.4153816064302793	-0.6330247060931041	-1.2541883314265807	1.25956014730724	-1.1535831233621787	-1.0859314318844995	1.976426215677181	-0.5479038641066699	-1.265572121263049	0.8270951585006514	-1.6844625250226923	-0.10336584601468857	-3.4031698580163265	-1.8361738806550303	-1.299385503542251	-4.100797465469834	-0.44290781049349165	-0.9292694657650974	-0.33110578018723225	0.06772243259951895	0.23272385388177216	-1.3158006054708704	-2.1053881565395574	-0.9987032701104155	-3.098426458991802	0.1487636914598805	-0.03512814906307518	-0.48581357178905915	-1.5450160563523134	0.2314570727801344	-1.3954908506303494	-1.8950654506435778	-3.486581487265147	-5.042598521520752	0.8061775614703773	-3.1851701502189926	-1.934556694881991	0.21457550467949543	1.8975869174315925	0.2817205375261684	-1.4883246866250814	-1.0700906743600789	-0.1047586633088026	-0.27116363542163235	0.7695121491266647	-5.463185245963529	-0.7332690502562118	0.4880678701838159	-2.5798565412355505	-3.2346226448322515	-0.24470850418438694	-0.7074514637565547	-0.5370386801090575	-2.1418140653423348	-0.2831986493892714	-0.6610877802834595	-0.21970603580870987	-1.0376343069009486	-2.8251012571452025	-1.9656883903033735	-3.111792355110786	-5.1452910125620015	-2.7130316045449723	5.115224292728501	-0.37042613973899846
-1.0613039483861948	0.3760137740485391	-1.4099795697057238	1.2851277690509033	-0.9541287117787822	0.07897372921990488	2.4374705937013847	-0.3513412844810896	0.4472752642226636	0.7130438878815236	-2.1074255900254903	0.22219972263104673	-2.5662475712324837	-1.5424805971873503	-0.7174735103727368	-3.2562742660896626	0.18710203155845037	-0.45423664964689375	-0.2863779447323267	-0.0606588404169001	0.6288442239711015	-0.1681024269286919	-2.518978899425486	1.975461348682172	-3.2028432705262713	-2.0777256278993264	2.320308740139328	0.057438042420290235	-0.7760308278268763	0.9916736008993918	-0.8640587864452237	-2.4084187375119464	-2.1619237172792882	-5.226583026042181	1.2881900778825044	-2.3612156403098483	-2.158503835927595	0.2502920187424507	1.6962272258930755	1.7939722515572147	1.5948587306764725	-0.05165999299703301	0.4093536319818404	0.038923148141575596	-0.2025778575762287	-4.9054501409453595	0.16835571933071913	1.1468575802699028	-3.055166616324879	-2.4493764369647044	-0.15784251460956403	1.5117918710106082	0.6459304587664468	-1.38926424909657	0.2886779744759769	-0.47555367718628555	0.03777183874923001	-0.31979765499453044	-2.6792701431475314	-0.6910341839706917	-3.167123286482453	-4.145831172039681	-2.5526027779487857	6.501670617114823	-0.3919509257804657
-1.5139627929180761	0.6099836077641364	-1.5183056050492212	0.4398639622168283	-1.2018279730372714	-0.5278447907509186	2.196845187015681	-0.7986173126820009	-0.37989468145020044	-0.27153608620469105	-1.2281188223957744	-0.31506750527857535	-2.605057457026326	-1.5844749657099944	-1.0160212117756733	-3.033802035045432	0.7962532526298544	-0.6199582629094436	-0.339476888763169	0.453214151329858	0.14824104367484442	0.317289400725215	-2.3193311392384293	-1.7831234410790329	-5.2716058921348345	-1.8234032734221164	1.3768257095358163	-0.1794434548300281	-1.193619849163116	0.4196972102124821	-0.4501681440424237	2.0730825648611346	-2.8880579380673557	-4.7601757817877655	0.24348744021215465	-2.322075455723679	-2.738743630884139	0.6067652584678432	1.2225050090714633	0.654619089843194	-2.5279642707070047	-0.35772281197394085	-0.029015861367454	-0.5231322110198232	0.15600265906900043	-5.037419320665081	-0.5277718033441979	0.7391201035646859	-2.124313117263236	-2.829415429047017	-0.5512756253711124	-2.2154075754199094	0.15255139902972636	-0.27631425981123997	0.22984414547349002	-1.0010195311303374	-0.8176060294379112	-2.0711623392967726	-3.2671378550377117	-1.2045536789246805	-2.77933636146184	-4.875457515554458	-2.827253808832168	4.64287286026935	-1.6741690843784431
-1.5843198051364538	0.3574349565325543	-1.748666454314251	-0.5480734495913703	-2.457973431277357	-0.7484779297921953	0.8789774281542266	-1.462295563985218	-0.42740323231973326	-0.8205722081766124	-1.7278348714082137	0.15943488543385495	-2.1340261930800937	-2.3838616165387565	-1.4881537398456286	-3.4303628081482893	0.11831186100649002	-0.7193703322279197	-0.26409452519076	0.35066526424593236	0.05061801154517569	0.1372478689870819	-2.9314562557502226	-3.4195947815988217	-3.381695408393138	-0.8957551109517031	1.238179610041904	-0.6013195600536978	-1.6584336963053896	0.30094752114490225	-1.0138369473662108	-1.3439556457721817	-2.3028433732623466	-5.013074797287601	0.33151471010494743	-2.4417621411251944	-2.892509648341375	-0.12653326464943082	0.3711176689999557	-0.6199604127992838	-3.4734117245778915	-0.21616487884208624	-0.17185692564732882	-0.6106281677024178	1.9110210400367138	-5.866468223867641	-0.5639899377923522	0.6860491721759506	-4.292468219147562	-2.753863410119221	-1.0129809887397256	-4.313302998715966	-0.12567041695859746	-0.812051176667901	-0.12681870304552312	-0.8862410049208912	-0.4487496474072602	-1.7328157128878856	-3.6825733224752404	-1.7764906487818217	-2.7946226052873486	-5.014115870588033	-3.2531868970557265	4.9196232735214425	-1.1888039884436048
-1.7455865994697126	-0.37413511739256083	-0.5236569275358428	0.7848011570094603	-1.8936092540797416	-0.8521576757628573	1.9587714814878183	-0.7105827379825822	-0.5073260328939201	-0.2970865409465866	-1.8633811866100531	-0.47610937727422986	-3.018596533859621	-1.4105003934804046	-1.0240359129141934	-3.6571551710137125	-0.6059912522441462	-0.9039928766029526	-0.6459646130010352	0.2737273341438724	0.07818332481589184	-0.6108903313460156	-2.6004820784159097	0.2168777291962075	-4.137636416637213	-0.28983644562741395	0.28304428231475753	-0.4643818419263078	-1.3902499342154102	0.34048434652743564	-1.4374451491097506	-3.126729590899252	-3.01433974682171	-4.609520217960881	-1.0392299793672615	-3.168451145292858	-2.817052423515716	0.3866577316761632	1.358868040396658	-0.13113212040072825	-0.17791743836149462	-1.2467165065024393	-0.036033735336601924	-0.4085001616057008	0.006287301349435729	-5.50301299036185	-0.8304194097031053	0.42116770889255456	-1.872664940792205	-2.889588056063618	-0.35784496304031543	-0.06083485119989024	-0.43048719032519334	-1.9314184143549027	-0.4929033690960763	-0.9570357543102667	-1.0806817835585498	-1.330806308591028	-2.36837966377312	-1.2140267135042848	-2.6041107299060564	-4.33880926945928	-2.7237864525525857	5.2422269117475615	-1.13281301543057
-1.372121074944399	-0.37088645222072647	0.013949834271096034	0.5574882967323207	-1.8166736334586095	-0.9567504488208666	1.9509442330272668	-0.964744442403162	-1.3409731379963066	0.5814776318639946	-1.8891956972466446	0.4234715483426388	-3.154177544484082	-1.9743118517272622	-0.9932666893420254	-3.7996050644675323	0.13550484859263315	-0.7784336149863926	-0.3239774336174208	-0.33273233398801233	0.1669602222561177	-0.49315614963422116	-2.749746936068662	-1.895441434244212	-3.583263109161516	-1.9225482333230717	-0.012346739710309829	-0.3008165530279813	-1.4114143698516866	0.404266455838952	-1.2013146801385128	-1.0143472984655488	-3.2299166242688337	-5.200014888339263	0.8112668682505619	-2.7412358005555695	-2.573915620555419	0.21776401904390622	1.6583382293882094	0.4233712302061868	-2.656680663356452	-0.7279465840053708	-0.0925319145246718	-0.5302814247763917	0.22432631332792827	-5.376450224063655	-0.9167456035590472	0.6617378940462986	-2.7521751373348584	-2.3687619967062292	-0.0636332255492536	-2.6317012646180133	-0.5968875699377157	-1.913017413594908	-0.236794508705784	-0.6867048100162993	0.5715815945952462	-1.551976188277232	-4.023318945662834	-1.554834210800262	-3.072698939705507	-4.203906722395321	-2.6558780552010695	5.6249232090458	-0.2562943996610574
-1.137351827266871	-0.27077246854222997	-0.758819444213288	0.7179582700514116	-1.2719457686334352	-0.5280585383959295	2.6022944981622795	-0.15833685470410505	0.2163229400655803	0.5324543576216115	-0.9033878114528344	0.8681036771170252	-3.1372643837319947	-1.8544066078540833	-1.2068682759966753	-3.3472373465050524	0.16933797256520922	-0.3452242167416427	-0.044009840567918804	0.5746861861678032	0.5126429094163902	-0.567246895573938	-2.3463309772229257	-1.849554732484878	-4.19036742165008	-0.4836772864934255	0.7002655926129381	-0.4481914048560252	-1.1897646975108245	0.3991640569834546	-1.129625647007783	-2.642786721601876	-3.147413064538344	-4.884759058275216	-0.23729650377556752	-2.702913678986806	-2.6081342992920455	0.8321135770367796	1.7086280732220451	0.4714383208320077	-2.46724872474779	-0.08409030452915074	0.3282320815959728	-0.046472198646849545	0.010151277960633929	-5.359980225528768	-0.7080662141682981	0.8449265755658946	-2.2732893025517735	-2.067177205635315	0.7786279490664233	-2.2112802894275068	-0.36759600330006664	-1.3831015552562076	-0.21988626724865756	-0.8036364825755367	0.07194163121264956	-1.5694637540557428	-3.0145675838709294	-1.132249874700133	-2.0022742908086837	-4.285270150347061	-2.0801932311359703	5.202891914654684	-1.3605490034058556
-1.6291639561777527	0.04059723742715848	-2.0594956670143914	1.0492625606277712	-1.3551349597308124	-1.2826802263421664	1.9717993293987217	-0.5645306250498721	-0.20095338510265226	0.35667492079887564	-1.5670486917772903	0.07859114571243574	-2.3366095407337224	-1.357993289922414	-0.5414795581978835	-3.3498020974773963	0.37466548015764073	-0.8163152148586922	-0.24185363466226698	0.37091872972257767	0.6497203384272942	0.13830897103417888	-2.405896999585614	-0.8540596577778294	-4.17431168961601	0.5454112168940691	1.6999799622429659	-0.036485614935626874	-2.159368732893086	0.20034120995924753	-0.8448417283724765	-0.5957492394633942	-2.6646801757859664	-5.320354532017266	0.5907464105925018	-2.5356431065974134	-2.596789040766333	0.2902420816374877	1.4792924976762167	-0.1552701308539304	-1.716876392029007	-0.45065449389898027	-0.12329336834851462	-0.22796291245735356	0.09140377552347906	-5.417600654815696	0.22349813459948956	0.728750044652349	-2.388191170747488	-3.092282736874024	-0.3402286686326118	-1.41640759580741	-0.31520338694584304	-1.174733905809286	-0.13156724479084506	-0.7092840648503268	0.530109636250524	-1.4701719377818665	-2.323589909227946	-1.2909569670851622	-3.2290331317276015	-5.057114901656056	-2.5805704748547913	5.822193576520226	-1.0181566794359718
-1.7010382103544812	-0.12044346295866207	-2.269735018528953	1.2049026423527534	-1.1595463704254172	-1.1587900751931375	2.13847924186725	-0.21085106898124728	-0.10459009401065432	0.0041522384387675726	-2.4260600339445375	-0.16146746155244698	-2.8245075699633095	-1.101853323175713	-0.712887432043383	-3.5686501601595593	-0.1619072592072243	-0.6139116595012875	-0.4238651941471314	0.5732003882352943	0.47892714418824073	-0.423661145809474	-2.0881717278477945	-1.7975290160669444	-3.889924751893841	-0.2173305031342659	0.6304332836882218	-0.4253805454411889	-1.3624206169619844	0.09685015389267729	-1.2977815523216292	-1.196496193910265	-2.739667936699271	-4.620020988705091	0.4738677842538981	-3.2724343338802315	-2.4089486158895768	0.2592322240549532	1.3255541517227085	0.21893709260785751	-2.90466025803423	-0.6930130018092391	0.07894277787237615	-0.39339875554748205	-0.3905268476366567	-6.290041744940163	-0.8006817733955107	0.5628500092103856	-1.560534014977335	-2.7345912073650616	-0.18394192038907145	-2.239597477228914	-0.0099451572683921	-1.4610248561501167	-0.48025653557899745	-1.050988552337086	0.027191669228049935	-1.2690821014480582	-2.4263297533999344	-2.108264494284477	-2.228091496224229	-5.277441856315127	-2.862814993890853	5.394145262709995	-1.3381364814676546
-1.6569357151186879	-0.037161084481503834	-1.6471920936142481	0.31510280858682416	-1.357269372856003	-0.6567446814580506	2.0579143126079167	-0.3352158890484469	-1.018467639663438	-0.45547860295380377	-2.0512500449476616	0.8618902545733937	-3.7906148950577823	-1.879193846404507	-0.9354433241328126	-4.093092673009766	-0.39587978470273993	-1.354246847899134	-0.34057177956904344	0.32588071647664285	-0.023503099988902886	-0.5579872231754129	-2.4560165320382925	-0.8674657683223198	-5.2333920184576295	0.38525433723971425	0.23767670741655353	-0.7402452753581067	-1.7957581989112836	0.36177350695802396	-1.0113278340347776	-5.387834453716756	-3.4664173277677266	-4.582349893047453	0.3234547590854563	-3.079494518179307	-2.4006186381705263	0.3146961751913476	-0.7438286606867782	0.38431979523123666	-0.6884999039052224	-0.10867860114574818	-0.21754877851960103	-0.5780676219346823	-0.022567094433655125	-5.914548515054659	-1.174722229821596	0.8774464958714683	-1.9673636118735467	-1.8836652574297035	0.08385147654671299	-1.3873517325383562	0.18573629884366147	-1.6640397275771004	-0.4037816737683125	-1.0547379511024624	1.1301439375326914	-1.539900992009577	-3.325545287596271	-1.0685034608117028	-2.2882594343988454	-3.819716154023228	-2.653454418623195	5.292575226656475	-1.7746558682530578
-1.4546124749822988	0.010163779351065468	0.8591783679178517	1.0150112769621475	-1.4295776891821068	-0.3295589095395174	3.1441071921107677	-0.34818349458813247	-0.5044732034707229	0.8635299273953015	-1.184724542521797	0.6313360006994031	-3.4448367365331753	-1.6268193551852965	-0.932615670775823	-3.550285723110329	-0.1917495682954766	-0.3639182118880254	-0.49392359040770306	0.4202769205591263	-0.007647092804569097	-0.7856568001062183	-2.5176612640906866	3.469444382412671	-4.355908215189673	-1.5817388121007845	-0.11201963626473903	-0.5511359602785371	-1.5164483145762222	0.6034919295231534	-0.9938693666699803	-2.9685625004377014	-3.240356258985549	-4.267450604361516	0.7963845799976841	-3.880645644396305	-2.5531001306232275	-0.18962242442530733	2.0211364044187308	0.9132870748549728	5.481904543206915	0.018720773963356727	0.21136037277952682	-0.25412670261008846	-0.2938859972428646	-5.637467478951897	-1.3676451998936887	0.8778667922957678	-1.536778295854823	-2.1539527320730643	-0.49432018091085944	3.604502723656628	0.1378913874530199	-1.7056071872953995	-0.282814196625884	-0.8747172238125924	0.309422798077683	-1.5639043854820098	-2.5940350312658254	-0.8584227061464439	-1.4011092959219356	-3.6935810519252525	-2.342633322377222	5.3881445433891	-1.4839900721846706
-1.5389035000521303	0.283954197791288	-1.6604835207922168	0.21860356031395792	-1.065708747460895	-0.45511792682117025	2.3792722003268856	-0.6509575854246197	-0.5562641346052151	0.58432220078225106	-1.1471380570217022	0.7703443739934751	-3.1880121103630255	-1.888980593821858	-0.9974139494233942	-3.292355529009228	0.5787969339101424	-0.7022314060512895	-0.44388895976788045	-0.405095022249951	-0.1723534782289683	0.08397958978711381	-2.5906669373019353	-0.6724496426275388	-3.1102048558006072	-0.8811753651234475	1.0469458099575322	-0.1897301727646842	-1.1240723805054902	0.4608606285492108	-0.5147710346546751	1.0477395877255462	-3.189326870838626	-5.081265990571193	1.0501285684829553	-2.3340561635939583	-2.869283431600815	0.6284293508316326	0.11010900529356228	0.22771588094137113	-0.515031892617919	-0.5470772259578626	-0.46942080540706277	-0.43253781978061573	0.22151131339543018	-5.18678537178871	-0.5246417857829767	0.8821138817773176	-2.2967498325104425	-2.4948050069848122	-0.6432899492017475	-0.5924540207333326	0.2583914322751266	-0.7731166598286505	0.0048761992942248904	-0.926795152233875	-0.6018987377877332	-1.5175698314911086	-3.326386475939886	-1.2777589382983523	-2.5386172921234875	-5.002230538062699	-2.4074294492943755	5.5670994730544825	-0.5057291393590574
-1.8064713712923666	-0.36961578783599897	-1.3346418947699346	0.5963877438359702	-1.8224318215659958	-1.3038787689636153	1.1440828557584133	-1.1988353044261317	-0.9397102072347145	-0.48546413160397534	-1.9511901068158435	-0.6030659532348195	-3.142325112577014	-2.084799777826921	-1.1040625913866022	-3.360546905127616	0.028309734926164076	-0.7468999657707047	-0.9716503162926835	-0.9780720406411736	-0.39266877229590874	-0.27892300923010843	-2.798204306691189	-0.6962463950594359	-3.670481539164723	-0.5519741915656418	0.3006434276602213	-0.34381274088803987	-1.2052801233633204	-0.019344660387833928	-1.276376573753646	-0.8128781142456141	-3.566754557341918	-4.813522255561917	-0.14292692106226315	-2.6167393807951482	-3.289177364582795	0.14959840664450344	1.4310327781511627	-0.3624004685048445	-1.0461349863900309	-0.6580622041625083	-0.350568429886225	-0.6403611545603338	-0.565318309081042	-5.54082689388978	-0.5040414620423459	0.492870038939038	-3.452983615834131	-3.88088201186869	-0.27373108531455603	-1.3527849485707966	0.08640521335342088	-1.0590471364930498	-0.26511005268850135	-0.9265700207910716	0.6294002425385148	-2.062375194713272	-3.308175171135903	-1.3167150313974567	-4.101478634915788	-2.7603285663681434	-2.7059206698626648	5.323260635922041	-1.0988389297098826
-1.2596049737878785	0.17162513410686575	-1.6516797628767808	1.028459186579308	-1.5364127762332096	-0.25573767770904116	2.0654671969674085	-0.5098874318181321	-0.449886312094514	0.8647833649999344	-1.6509399076020677	0.8279952213949677	-3.03451871904919	-1.4501670329216187	-0.7122657298199232	-2.5589810917787794	-0.5141160176232702	-0.3233150045783834	0.024608080964584552	0.9359930590300325	0.7459818343080629	0.2341199510824359	-1.9809140766687234	-1.2844595612006526	-4.214562392531706	-2.5707502437617293	0.555142870792197	-0.25451882855086577	-0.9211496877052846	1.210456715356995	-0.7144339669652914	-2.7197742924291886	-3.0698227611606006	-5.333440583461632	0.6714581143958568	-3.553670918475197	-2.066090469197028	-0.05857253494597361	2.527498962017721	0.4760103727196632	-2.6136895792296944	-0.1497106893201996	0.5984095390867636	-0.35375343758485023	0.4440281692783141	-5.189227451003356	-0.56996845148872	1.1791764770012045	-1.5937713030176899	-1.847035139717686	0.15462394883762454	-2.238033675903376	-0.022875147385079373	-1.3698850252017785	-1.3087147424429202	-1.9760943388182093	-0.7219270870821218	-1.273525245040309	-2.6775155157944144	-1.0475558369914104	-1.9433211697995594	-3.951010101883384	-2.22339781073377	5.733976142786795	-0.9175667577850527
-1.6772087074309905	-0.12511510770774345	-1.7145320497111836	0.8852631816717792	-1.358745527718958	-0.41452674093407693	2.5498856573930806	-0.4096193152603862	1.1967943724034515	-0.8761315865174316	-2.379443349453607	-0.6262608770820961	-2.0928248396536335	-1.917486241359823	-1.2758473648500894	-3.467791260628491	-0.25514786682400564	-0.691559972983467	-0.490065488437278	0.16547020484553268	0.2678797183671017	-0.34550968344099653	-2.0648054406728713	-2.0167898046914474	-4.087088264380118	0.6401243714769823	2.5040882282089747	-0.2662676145517914	-1.356198455379693	0.570926201230292	-0.6871543247084638	-6.050442187839996	-2.1756804882263876	-4.729390518836036	0.7514411549016723	-2.976404618634396	-2.6339842247246277	0.17556054608245966	1.3467441605460944	0.9909087504023113	-3.220664757869981	-0.7876769141418848	0.3057525537335567	-0.0741878696652512	-0.27261642776973477	-5.2910780543599305	-0.2394736698941591	0.6951862107500456	-1.9350895761611244	-2.7279221018100284	-0.3910919082336424	-1.9853509415789687	0.38427137235855396	-1.2113391558431572	-0.30726760067082753	-1.1502392428085668	0.5512094017644908	-1.2343426952779284	-2.5416959609736307	-1.3028920722874078	-1.7291568766887313	-3.8173328014317307	-3.6308157547192574	6.16408673054171	-1.1818194575844503
-1.3905107423360983	0.8806197214193029	-1.0785976339868268	1.5543768188062657	-1.051946486275338	-0.30403229513589425	1.8268087209907644	-0.2515239330654033	-0.8806406035691142	0.21611405794788907	-1.2772896652422685	0.3543338226782537	-2.8370590382468546	-1.9214780342655637	-0.8651070928277693	-3.484918784681674	0.4362893494275123	0.004065434811925658	0.03336795363005683	0.8128090762338304	0.81291719340162	0.39652320749399117	-2.6129593486055307	-0.7794435595368722	-4.675783737855537	1.5897585336443405	1.4222005744135822	-0.2169398982101858	-0.972157105547461	0.860264634368964	-0.4042909923832552	-2.0706295854362615	-2.7244492335650543	-4.698707702047147	1.1129896875859167	-3.0481448997588068	-2.674503851499968	0.3735185050797292	1.5178475744459747	0.653727818698577	-1.297994846476789	0.2514393662242163	0.4266681433075721	-0.1160356978510474	0.5563080074078323	-5.28180249773378	-0.6106563145311327	1.3606183595411219	-1.6259570554576424	-2.241201434394279	0.1498105984527378	-1.6333070581729323	-0.009142512769948711	-1.1665890277965378	0.18376427960086827	-0.7526871880757224	1.0426602307519934	-1.3759691379015586	-2.76356333516847	-1.3942938779541796	-3.37052251281512	-5.833719978222752	-2.294245478422092	6.231219627549883	-1.0332269132586056
-1.2663166652385371	0.038042580690787586	-1.2520680939320787	1.1811354854827958	-0.9856747574789672	-0.31008201582347833	2.726626925842444	-0.12119457841977298	-0.15409429215124731	-0.09381591073606509	-1.36584064796821	0.4188870495282432	-2.913389874480206	-1.6806572470414642	-1.0423352862375574	-3.2176850893157285	0.24249099045536152	-0.26262087894598524	-0.5006805681030906	0.19522694066600843	-0.03701308291322105	-0.18505135009428125	-1.9483039909552693	-1.7235764882667557	-4.876534082043572	-0.49591938055546775	0.6314449384596976	-0.2807756424909328	-1.312477595445707	0.7729792320596344	-0.3731943017637815	-4.395316300881259	-3.5705916637406574	-4.335132598207507	-0.13899633576046552	-2.6846962762377506	-2.01400197035719	0.49284558266925665	1.0229602254779961	0.9942500734703751	-2.865137644945132	0.4159325885936857	0.2876148539894581	-0.17788804363491867	0.061276470919395	-5.412741573633725	-0.6145113695369689	1.1900353578151104	-2.639163490875885	-2.265758644038961	0.29875166987009805	-2.81475229341783	0.37793455279774074	-1.5133478787946315	0.1859068454025554	-0.48084249900172144	-0.12568409970339248	-1.3664546936501738	-2.448347755481685	-1.0023180810774295	-3.280977965475423	-5.437890066553052	-1.7652705329928926	6.083375493711317	-1.199699168267128
